CD_GEOCMU6DIG;CD_GEOCMU;NM_MUNICIP;LONG;LAT;POP_MUN;DATA;Casos;Obitos;Letalidade;Prevalencia_casos
290010;2900108;ABAÍRA;-41,742894;-13,296569;8739;05/06/2020;4;0;0;45,77
290020;2900207;ABARÉ;-39,317693;-8,83354;20086;05/06/2020;0;0;NA;0
290030;2900306;ACAJUTIBA;-38,000531;-11,663172;15159;05/06/2020;3;0;0;19,79
290035;2900355;ADUSTINA;-38,037088;-10,562382;17040;05/06/2020;3;1;33,33;17,61
290040;2900405;ÁGUA FRIA;-38,71045;-11,823137;16970;05/06/2020;8;1;12,5;47,14
290050;2900504;ÉRICO CARDOSO;-42,067321;-13,400215;10610;05/06/2020;0;0;NA;0
290060;2900603;AIQUARA;-39,880862;-14,091819;4446;05/06/2020;8;1;12,5;179,94
290070;2900702;ALAGOINHAS;-38,402259;-12,113185;151596;05/06/2020;153;3;1,96;100,93
290080;2900801;ALCOBAÇA;-39,409063;-17,468989;22470;05/06/2020;2;0;0;8,9
290090;2900900;ALMADINA;-39,664093;-14,701273;5464;05/06/2020;3;0;0;54,9
290100;2901007;AMARGOSA;-39,626296;-13,040884;37241;05/06/2020;12;1;8,33;32,22
290110;2901106;AMÉLIA RODRIGUES;-38,718124;-12,420497;25102;05/06/2020;30;0;0;119,51
290115;2901155;AMÉRICA DOURADA;-41,522923;-11,406196;16094;05/06/2020;0;0;NA;0
290120;2901205;ANAGÉ;-40,970846;-14,590126;22005;05/06/2020;2;1;50;9,09
290130;2901304;ANDARAÍ;-41,215092;-12,733629;13143;05/06/2020;2;0;0;15,22
290135;2901353;ANDORINHA;-39,871901;-10,280762;14595;05/06/2020;0;0;NA;0
290140;2901403;ANGICAL;-44,647724;-11,996639;13977;05/06/2020;0;0;NA;0
290150;2901502;ANGUERA;-39,192832;-12,182974;11221;05/06/2020;21;0;0;187,15
290160;2901601;ANTAS;-38,294029;-10,406571;19291;05/06/2020;5;0;0;25,92
290170;2901700;ANTÔNIO CARDOSO;-39,147051;-12,379795;11683;05/06/2020;4;0;0;34,24
290180;2901809;ANTÔNIO GONÇALVES;-40,362365;-10,601509;11798;05/06/2020;0;0;NA;0
290190;2901908;APORÁ;-38,193803;-11,731565;17731;05/06/2020;13;1;7,69;73,32
290195;2901957;APUAREMA;-39,75157;-13,820034;7330;05/06/2020;1;0;0;13,64
290200;2902005;ARACATU;-41,374548;-14,371226;13135;05/06/2020;5;0;0;38,07
290205;2902054;ARAÇAS;-38,212521;-12,172959;12177;05/06/2020;2;0;0;16,42
290210;2902104;ARACI;-39,064595;-11,212404;54379;05/06/2020;19;1;5,26;34,94
290220;2902203;ARAMARI;-38,524985;-12,050722;11397;05/06/2020;2;0;0;17,55
290225;2902252;ARATACA;-39,41218;-15,243275;11019;05/06/2020;2;0;0;18,15
290230;2902302;ARATUÍPE;-39,069429;-13,08463;8825;05/06/2020;2;1;50;22,66
290240;2902401;AURELINO LEAL;-39,478263;-14,362134;11531;05/06/2020;16;0;0;138,76
290250;2902500;BAIANÓPOLIS;-44,44023;-12,657125;13877;05/06/2020;1;0;0;7,21
290260;2902609;BAIXA GRANDE;-40,152775;-11,96475;20468;05/06/2020;0;0;NA;0
290265;2902658;BANZAÊ;-38,654344;-10,616472;13229;05/06/2020;11;0;0;83,15
290270;2902708;BARRA;-43,366169;-11,030863;53578;05/06/2020;4;0;0;7,47
290280;2902807;BARRA DA ESTIVA;-41,098092;-13,650485;20598;05/06/2020;0;0;NA;0
290290;2902906;BARRA DO CHOÇA;-40,581198;-14,912901;31603;05/06/2020;14;0;0;44,3
290300;2903003;BARRA DO MENDES;-42,114404;-11,96709;13865;05/06/2020;1;0;0;7,21
290310;2903102;BARRA DO ROCHA;-39,587949;-14,10248;5714;05/06/2020;8;0;0;140,01
290320;2903201;BARREIRAS;-45,525105;-12,0176;155439;05/06/2020;86;0;0;55,33
290323;2903235;BARRO ALTO;-41,836786;-11,847992;14931;05/06/2020;0;0;NA;0
290327;2903276;BARROCAS;-39,09492;-11,538041;15978;05/06/2020;15;0;0;93,88
290330;2903300;BARRO PRETO;-39,444728;-14,775862;5591;05/06/2020;6;0;0;107,32
290340;2903409;BELMONTE;-39,177271;-15,935417;23328;05/06/2020;19;1;5,26;81,45
290350;2903508;BELO CAMPO;-41,20384;-14,998514;17211;05/06/2020;0;0;NA;0
290360;2903607;BIRITINGA;-38,792633;-11,585323;15979;05/06/2020;0;0;NA;0
290370;2903706;BOA NOVA;-40,230115;-14,360234;12633;05/06/2020;0;0;NA;0
290380;2903805;BOA VISTA DO TUPIM;-40,670227;-12,770168;18576;05/06/2020;3;0;0;16,15
290390;2903904;BOM JESUS DA LAPA;-43,293387;-13,277147;69148;05/06/2020;25;0;0;36,15
290395;2903953;BOM JESUS DA SERRA;-40,577361;-14,389879;9880;05/06/2020;0;0;NA;0
290400;2904001;BONINAL;-41,802498;-12,776673;14368;05/06/2020;0;0;NA;0
290405;2904050;BONITO;-41,320414;-11,969278;16764;05/06/2020;0;0;NA;0
290410;2904100;BOQUIRA;-42,722289;-12,74112;21508;05/06/2020;10;0;0;46,49
290420;2904209;BOTUPORÃ;-42,534706;-13,32623;10211;05/06/2020;0;0;NA;0
290430;2904308;BREJÕES;-39,850783;-13,075374;14295;05/06/2020;0;0;NA;0
290440;2904407;BREJOLÂNDIA;-43,824764;-12,499374;10557;05/06/2020;0;0;NA;0
290450;2904506;BROTAS DE MACAÚBAS;-42,46516;-12,086689;10231;05/06/2020;1;0;0;9,77
290460;2904605;BRUMADO;-41,689077;-14,167943;67195;05/06/2020;45;0;0;66,97
290470;2904704;BUERAREMA;-39,269578;-14,996443;18349;05/06/2020;39;5;12,82;212,55
290475;2904753;BURITIRAMA;-43,66763;-10,588126;21174;05/06/2020;4;0;0;18,89
290480;2904803;CAATIBA;-40,364107;-14,995802;6758;05/06/2020;0;0;NA;0
290485;2904852;CABACEIRAS DO PARAGUAÇU;-39,192485;-12,564274;18807;05/06/2020;2;0;0;10,63
290490;2904902;CACHOEIRA;-38,884757;-12,640864;33470;05/06/2020;10;0;0;29,88
290500;2905008;CACULÉ;-42,28505;-14,48289;23170;05/06/2020;0;0;NA;0
290510;2905107;CAÉM;-40,291104;-11,143067;9213;05/06/2020;5;0;0;54,27
290515;2905156;CAETANOS;-40,915807;-14,325683;14542;05/06/2020;2;0;0;13,75
290520;2905206;CAETITÉ;-42,476638;-13,947968;50975;05/06/2020;11;0;0;21,58
290530;2905305;CAFARNAUM;-41,501449;-11,733822;18437;05/06/2020;0;0;NA;0
290540;2905404;CAIRU;-38,983431;-13,50687;18176;05/06/2020;23;1;4,35;126,54
290550;2905503;CALDEIRÃO GRANDE;-40,22183;-11,039859;13327;05/06/2020;6;0;0;45,02
290560;2905602;CAMACAN;-39,518677;-15,444373;31988;05/06/2020;113;1;0,88;353,26
290570;2905701;CAMAÇARI;-38,206303;-12,666005;299132;05/06/2020;343;6;1,75;114,67
290580;2905800;CAMAMU;-39,164186;-14,012552;35316;05/06/2020;9;0;0;25,48
290590;2905909;CAMPO ALEGRE DE LOURDES;-43,174908;-9,551413;28798;05/06/2020;25;0;0;86,81
290600;2906006;CAMPO FORMOSO;-40,728936;-10,251063;71206;05/06/2020;3;0;0;4,21
290610;2906105;CANÁPOLIS;-44,20356;-13,096592;9711;05/06/2020;0;0;NA;0
290620;2906204;CANARANA;-41,699629;-11,752949;26176;05/06/2020;9;0;0;34,38
290630;2906303;CANAVIEIRAS;-39,108826;-15,651539;31099;05/06/2020;31;1;3,23;99,68
290640;2906402;CANDEAL;-39,190758;-11,87112;8258;05/06/2020;1;0;0;12,11
290650;2906501;CANDEIAS;-38,481201;-12,678372;87076;05/06/2020;264;5;1,89;303,18
290660;2906600;CANDIBA;-42,83174;-14,404202;14319;05/06/2020;4;0;0;27,93
290670;2906709;CÂNDIDO SALES;-41,269495;-15,355082;25189;05/06/2020;28;0;0;111,16
290680;2906808;CANSANÇÃO;-39,47272;-10,726929;34834;05/06/2020;17;0;0;48,8
290682;2906824;CANUDOS;-38,991703;-10,064129;16668;05/06/2020;12;0;0;71,99
290685;2906857;CAPELA DO ALTO ALEGRE;-39,824964;-11,672263;11637;05/06/2020;2;0;0;17,19
290687;2906873;CAPIM GROSSO;-39,9959;-11,306288;30662;05/06/2020;30;3;10;97,84
290689;2906899;CARAÍBAS;-41,283716;-14,62557;8951;05/06/2020;3;0;0;33,52
290690;2906907;CARAVELAS;-39,688811;-17,657525;22016;05/06/2020;2;0;0;9,08
290700;2907004;CARDEAL DA SILVA;-37,938426;-12,043037;9295;05/06/2020;6;0;0;64,55
290710;2907103;CARINHANHA;-43,848505;-14,020929;29018;05/06/2020;0;0;NA;0
290720;2907202;CASA NOVA;-41,336482;-9,240251;71969;05/06/2020;27;0;0;37,52
290730;2907301;CASTRO ALVES;-39,363997;-12,731626;26264;05/06/2020;26;1;3,85;98,99
290740;2907400;CATOLÂNDIA;-44,697323;-12,273449;3577;05/06/2020;0;0;NA;0
290750;2907509;CATU;-38,4129;-12,330569;54704;05/06/2020;55;1;1,82;100,54
290755;2907558;CATURAMA;-42,319417;-13,233462;9329;05/06/2020;0;0;NA;0
290760;2907608;CENTRAL;-42,112427;-11,151291;17266;05/06/2020;0;0;NA;0
290770;2907707;CHORROCHÓ;-39,18911;-9,271707;11177;05/06/2020;1;0;0;8,95
290780;2907806;CÍCERO DANTAS;-38,452541;-10,51386;32515;05/06/2020;2;0;0;6,15
290790;2907905;CIPÓ;-38,520942;-11,113238;17300;05/06/2020;2;0;0;11,56
290800;2908002;COARACI;-39,593191;-14,631827;16993;05/06/2020;40;2;5;235,39
290810;2908101;COCOS;-45,219945;-14,496929;18777;05/06/2020;8;0;0;42,61
290820;2908200;CONCEIÇÃO DA FEIRA;-38,99976;-12,504863;22581;05/06/2020;20;0;0;88,57
290830;2908309;CONCEIÇÃO DO ALMEIDA;-39,245601;-12,859902;17247;05/06/2020;5;0;0;28,99
290840;2908408;CONCEIÇÃO DO COITÉ;-39,24982;-11,524123;66612;05/06/2020;25;0;0;37,53
290850;2908507;CONCEIÇÃO DO JACUÍPE;-38,740052;-12,337865;33153;05/06/2020;15;0;0;45,24
290860;2908606;CONDE;-37,677595;-11,827736;25837;05/06/2020;7;1;14,29;27,09
290870;2908705;CONDEÚBA;-42,051037;-14,92144;17247;05/06/2020;11;0;0;63,78
290880;2908804;CONTENDAS DO SINCORÁ;-41,093652;-13,838346;4066;05/06/2020;0;0;NA;0
290890;2908903;CORAÇÃO DE MARIA;-38,783108;-12,210649;22605;05/06/2020;10;0;0;44,24
290900;2909000;CORDEIROS;-41,908245;-15,040971;8614;05/06/2020;0;0;NA;0
290910;2909109;CORIBE;-44,376295;-13,814335;14194;05/06/2020;0;0;NA;0
290920;2909208;CORONEL JOÃO SÁ;-37,959383;-10,264456;15895;05/06/2020;17;0;0;106,95
290930;2909307;CORRENTINA;-45,394992;-13,467029;32137;05/06/2020;5;0;0;15,56
290940;2909406;COTEGIPE;-44,327996;-11,711115;13782;05/06/2020;0;0;NA;0
290950;2909505;CRAVOLÂNDIA;-39,784462;-13,424003;5349;05/06/2020;2;0;0;37,39
290960;2909604;CRISÓPOLIS;-38,172579;-11,518071;21103;05/06/2020;3;0;0;14,22
290970;2909703;CRISTÓPOLIS;-44,258845;-12,193995;13910;05/06/2020;7;0;0;50,32
290980;2909802;CRUZ DAS ALMAS;-39,117912;-12,683035;63239;05/06/2020;30;0;0;47,44
290990;2909901;CURAÇÁ;-39,650984;-9,220987;34700;05/06/2020;34;0;0;97,98
291000;2910008;DÁRIO MEIRA;-39,988006;-14,404981;10710;05/06/2020;12;0;0;112,04
291005;2910057;DIAS D'ÁVILA;-38,282656;-12,601455;81089;05/06/2020;111;4;3,6;136,89
291010;2910107;DOM BASÍLIO;-41,712103;-13,856283;12199;05/06/2020;3;0;0;24,59
291020;2910206;DOM MACEDO COSTA;-39,17396;-12,912355;4058;05/06/2020;0;0;NA;0
291030;2910305;ELÍSIO MEDRADO;-39,526335;-12,934872;8122;05/06/2020;0;0;NA;0
291040;2910404;ENCRUZILHADA;-40,999912;-15,594912;17006;05/06/2020;19;0;0;111,73
291050;2910503;ENTRE RIOS;-38,048376;-12,063435;41780;05/06/2020;24;0;0;57,44
291060;2910602;ESPLANADA;-37,88534;-11,931246;37237;05/06/2020;2;0;0;5,37
291070;2910701;EUCLIDES DA CUNHA;-38,915095;-10,466805;60585;05/06/2020;8;0;0;13,2
291072;2910727;EUNÁPOLIS;-39,606119;-16,298752;113380;05/06/2020;190;2;1,05;167,58
291075;2910750;FÁTIMA;-38,201348;-10,593623;17890;05/06/2020;2;0;0;11,18
291077;2910776;FEIRA DA MATA;-44,232219;-14,13174;5665;05/06/2020;0;0;NA;0
291080;2910800;FEIRA DE SANTANA;-39,03399;-12,193076;614872;05/06/2020;719;6;0,83;116,93
291085;2910859;FILADÉLFIA;-40,136915;-10,72321;16377;05/06/2020;2;1;50;12,21
291090;2910909;FIRMINO ALVES;-39,911313;-14,93082;5617;05/06/2020;1;0;0;17,8
291100;2911006;FLORESTA AZUL;-39,71747;-14,841852;10629;05/06/2020;8;0;0;75,27
291110;2911105;FORMOSA DO RIO PRETO;-45,755647;-11,016713;25591;05/06/2020;6;0;0;23,45
291120;2911204;GANDU;-39,482691;-13,788685;32403;05/06/2020;57;1;1,75;175,91
291125;2911253;GAVIÃO;-39,75734;-11,508884;4463;05/06/2020;0;0;NA;0
291130;2911303;GENTIO DO OURO;-42,605208;-11,410248;11233;05/06/2020;0;0;NA;0
291140;2911402;GLÓRIA;-38,444762;-9,229366;15221;05/06/2020;5;0;0;32,85
291150;2911501;GONGOGI;-39,5819;-14,280589;7128;05/06/2020;14;2;14,29;196,41
291160;2911600;GOVERNADOR MANGABEIRA;-39,072351;-12,583363;20722;05/06/2020;4;1;25;19,3
291165;2911659;GUAJERU;-41,986432;-14,558969;6937;05/06/2020;0;0;NA;0
291170;2911709;GUANAMBI;-42,820036;-14,203957;84481;05/06/2020;44;0;0;52,08
291180;2911808;GUARATINGA;-39,937689;-16,553191;20843;05/06/2020;2;0;0;9,6
291185;2911857;HELIÓPOLIS;-38,314226;-10,746774;13031;05/06/2020;0;0;NA;0
291190;2911907;IAÇU;-40,113094;-12,813534;24305;05/06/2020;21;3;14,29;86,4
291200;2912004;IBIASSUCÊ;-42,305379;-14,291531;9224;05/06/2020;0;0;NA;0
291210;2912103;IBICARAÍ;-39,568453;-14,848768;21689;05/06/2020;24;0;0;110,66
291220;2912202;IBICOARA;-41,327893;-13,380991;19571;05/06/2020;0;0;NA;0
291230;2912301;IBICUÍ;-39,863785;-14,641894;16198;05/06/2020;4;0;0;24,69
291240;2912400;IBIPEBA;-42,18177;-11,570748;18211;05/06/2020;5;0;0;27,46
291250;2912509;IBIPITANGA;-42,359693;-12,859347;14902;05/06/2020;4;0;0;26,84
291260;2912608;IBIQUERA;-40,884782;-12,603191;4044;05/06/2020;0;0;NA;0
291270;2912707;IBIRAPITANGA;-39,435696;-14,060704;23375;05/06/2020;16;1;6,25;68,45
291280;2912806;IBIRAPUÃ;-40,012795;-17,743014;8637;05/06/2020;22;1;4,55;254,72
291290;2912905;IBIRATAIA;-39,626167;-13,975981;15312;05/06/2020;26;1;3,85;169,8
291300;2913002;IBITIARA;-42,282694;-12,575885;16339;05/06/2020;3;1;33,33;18,36
291310;2913101;IBITITÁ;-41,915125;-11,579049;17113;05/06/2020;0;0;NA;0
291320;2913200;IBOTIRAMA;-43,204764;-12,038551;26927;05/06/2020;1;0;0;3,71
291330;2913309;ICHU;-39,152341;-11,731511;6206;05/06/2020;0;0;NA;0
291340;2913408;IGAPORÃ;-42,704146;-13,863066;15640;05/06/2020;0;0;NA;0
291345;2913457;IGRAPIÚNA;-39,205528;-13,870951;13226;05/06/2020;6;0;0;45,37
291350;2913507;IGUAÍ;-40,06587;-14,632365;26916;05/06/2020;5;0;0;18,58
291360;2913606;ILHÉUS;-39,191802;-14,752743;162327;05/06/2020;722;33;4,57;444,78
291370;2913705;INHAMBUPE;-38,403839;-11,805114;39926;05/06/2020;3;0;0;7,51
291380;2913804;IPECAETÁ;-39,326986;-12,307419;14487;05/06/2020;3;0;0;20,71
291390;2913903;IPIAÚ;-39,726505;-14,054873;45873;05/06/2020;329;7;2,13;717,2
291400;2914000;IPIRÁ;-39,777143;-12,211242;59595;05/06/2020;19;1;5,26;31,88
291410;2914109;IPUPIARA;-42,501843;-11,835873;9865;05/06/2020;0;0;NA;0
291420;2914208;IRAJUBA;-40,052295;-13,230719;7260;05/06/2020;0;0;NA;0
291430;2914307;IRAMAIA;-40,920822;-13,468639;8537;05/06/2020;1;0;0;11,71
291440;2914406;IRAQUARA;-41,583095;-12,248341;25216;05/06/2020;0;0;NA;0
291450;2914505;IRARÁ;-38,753895;-12,046429;29034;05/06/2020;5;0;0;17,22
291460;2914604;IRECÊ;-41,838969;-11,309449;72967;05/06/2020;20;0;0;27,41
291465;2914653;ITABELA;-39,551337;-16,662903;30584;05/06/2020;16;0;0;52,31
291470;2914703;ITABERABA;-40,262264;-12,499097;64489;05/06/2020;49;1;2,04;75,98
291480;2914802;ITABUNA;-39,312807;-14,851648;213223;05/06/2020;1101;33;3;516,36
291490;2914901;ITACARÉ;-39,157795;-14,362094;28296;05/06/2020;32;2;6,25;113,09
291500;2915007;ITAETÉ;-41,040418;-13,091757;16056;05/06/2020;35;0;0;217,99
291510;2915106;ITAGI;-40,024851;-14,162264;12351;05/06/2020;9;0;0;72,87
291520;2915205;ITAGIBÁ;-39,830454;-14,252567;14579;05/06/2020;26;1;3,85;178,34
291530;2915304;ITAGIMIRIM;-39,737985;-16,096336;6869;05/06/2020;0;0;NA;0
291535;2915353;ITAGUAÇU DA BAHIA;-42,238987;-10,769724;14429;05/06/2020;0;0;NA;0
291540;2915403;ITAJU DO COLÔNIA;-39,731652;-15,148336;6682;05/06/2020;0;0;NA;0
291550;2915502;ITAJUÍPE;-39,4449;-14,671518;20491;05/06/2020;136;1;0,74;663,71
291560;2915601;ITAMARAJU;-39,764796;-17,008757;64486;05/06/2020;190;2;1,05;294,64
291570;2915700;ITAMARI;-39,667054;-13,766584;8035;05/06/2020;0;0;NA;0
291580;2915809;ITAMBÉ;-40,462594;-15,158114;23049;05/06/2020;0;0;NA;0
291590;2915908;ITANAGRA;-38,042503;-12,31533;6441;05/06/2020;6;1;16,67;93,15
291600;2916005;ITANHÉM;-40,378352;-17,115408;19405;05/06/2020;4;0;0;20,61
291610;2916104;ITAPARICA;-38,656873;-12,892612;22228;05/06/2020;31;1;3,23;139,46
291620;2916203;ITAPÉ;-39,495903;-14,954378;8761;05/06/2020;8;2;25;91,31
291630;2916302;ITAPEBI;-39,653153;-15,91211;10259;05/06/2020;9;0;0;87,73
291640;2916401;ITAPETINGA;-40,057515;-15,29928;76147;05/06/2020;18;3;16,67;23,64
291650;2916500;ITAPICURU;-38,194311;-11,192021;35576;05/06/2020;29;0;0;81,52
291660;2916609;ITAPITANGA;-39,619958;-14,472907;10313;05/06/2020;7;0;0;67,88
291670;2916708;ITAQUARA;-39,898458;-13,448891;8319;05/06/2020;0;0;NA;0
291680;2916807;ITARANTIM;-40,049147;-15,697738;19747;05/06/2020;3;1;33,33;15,19
291685;2916856;ITATIM;-39,734692;-12,71284;14487;05/06/2020;14;1;7,14;96,64
291690;2916906;ITIRUÇU;-40,153071;-13,487525;12576;05/06/2020;0;0;NA;0
291700;2917003;ITIÚBA;-39,845358;-10,731374;36089;05/06/2020;8;1;12,5;22,17
291710;2917102;ITORORÓ;-40,007204;-15,048842;20382;05/06/2020;6;0;0;29,44
291720;2917201;ITUAÇU;-41,390007;-13,837101;18962;05/06/2020;1;0;0;5,27
291730;2917300;ITUBERÁ;-39,15295;-13,749335;28602;05/06/2020;6;0;0;20,98
291733;2917334;IUIÚ;-43,543207;-14,466472;10994;05/06/2020;0;0;NA;0
291735;2917359;JABORANDI;-45,442709;-14,033288;8385;05/06/2020;1;0;0;11,93
291740;2917409;JACARACI;-42,322286;-14,784849;14842;05/06/2020;1;0;0;6,74
291750;2917508;JACOBINA;-40,568546;-11,13492;80518;05/06/2020;42;1;2,38;52,16
291760;2917607;JAGUAQUARA;-39,957039;-13,55388;54423;05/06/2020;43;0;0;79,01
291770;2917706;JAGUARARI;-40,068348;-10,042621;33570;05/06/2020;35;0;0;104,26
291780;2917805;JAGUARIPE;-38,986515;-13,121259;18788;05/06/2020;7;0;0;37,26
291790;2917904;JANDAÍRA;-37,594356;-11,597778;10709;05/06/2020;3;1;33,33;28,01
291800;2918001;JEQUIÉ;-40,146131;-13,877607;155966;05/06/2020;498;15;3,01;319,3
291810;2918100;JEREMOABO;-38,552526;-9,940661;40463;05/06/2020;0;0;NA;0
291820;2918209;JIQUIRIÇÁ;-39,584656;-13,324538;14537;05/06/2020;1;0;0;6,88
291830;2918308;JITAÚNA;-39,86666;-13,957972;11166;05/06/2020;11;1;9,09;98,51
291835;2918357;JOÃO DOURADO;-41,567214;-11,220169;25188;05/06/2020;36;0;0;142,93
291840;2918407;JUAZEIRO;-40,27466;-9,55688;216707;05/06/2020;93;6;6,45;42,92
291845;2918456;JUCURUÇU;-40,100747;-16,845586;9126;05/06/2020;0;0;NA;0
291850;2918506;JUSSARA;-41,880302;-10,925533;15284;05/06/2020;2;0;0;13,09
291855;2918555;JUSSARI;-39,498022;-15,136642;5833;05/06/2020;4;0;0;68,58
291860;2918605;JUSSIAPE;-41,598876;-13,511311;6186;05/06/2020;1;0;0;16,17
291870;2918704;LAFAIETE COUTINHO;-40,292581;-13,641588;3724;05/06/2020;6;0;0;161,12
291875;2918753;LAGOA REAL;-42,219603;-14,047295;15665;05/06/2020;0;0;NA;0
291880;2918803;LAJE;-39,346418;-13,166984;23840;05/06/2020;6;0;0;25,17
291890;2918902;LAJEDÃO;-40,309827;-17,559587;3955;05/06/2020;1;0;0;25,28
291900;2919009;LAJEDINHO;-40,963446;-12,380974;3783;05/06/2020;0;0;NA;0
291905;2919058;LAJEDO DO TABOCAL;-40,282259;-13,460225;8562;05/06/2020;7;0;0;81,76
291910;2919108;LAMARÃO;-38,909962;-11,785909;8307;05/06/2020;6;0;0;72,23
291915;2919157;LAPÃO;-41,77669;-11,501287;27223;05/06/2020;3;0;0;11,02
291920;2919207;LAURO DE FREITAS;-38,327273;-12,863213;198440;05/06/2020;624;8;1,28;314,45
291930;2919306;LENÇÓIS;-41,337293;-12,424989;11409;05/06/2020;0;0;NA;0
291940;2919405;LICÍNIO DE ALMEIDA;-42,470101;-14,586021;12388;05/06/2020;8;0;0;64,58
291950;2919504;LIVRAMENTO DE NOSSA SENHORA;-41,990849;-13,810688;45732;05/06/2020;8;0;0;17,49
291955;2919553;LUÍS EDUARDO MAGALHÃES;-46,013079;-12,193702;87519;05/06/2020;48;0;0;54,85
291960;2919603;MACAJUBA;-40,262256;-12,129296;11348;05/06/2020;0;0;NA;0
291970;2919702;MACARANI;-40,400968;-15,545818;18755;05/06/2020;3;1;33,33;16
291980;2919801;MACAÚBAS;-42,692918;-13,108138;49826;05/06/2020;1;0;0;2,01
291990;2919900;MACURURÉ;-38,896729;-9,291078;7824;05/06/2020;0;0;NA;0
291992;2919926;MADRE DE DEUS;-38,642732;-12,741114;21093;05/06/2020;34;1;2,94;161,19
291995;2919959;MAETINGA;-41,516221;-14,655594;3161;05/06/2020;2;0;0;63,27
292000;2920007;MAIQUINIQUE;-40,269103;-15,674;10112;05/06/2020;7;0;0;69,22
292010;2920106;MAIRI;-40,180633;-11,731684;18676;05/06/2020;3;0;0;16,06
292020;2920205;MALHADA;-43,646023;-14,217166;16845;05/06/2020;0;0;NA;0
292030;2920304;MALHADA DE PEDRAS;-41,845423;-14,35221;8393;05/06/2020;1;0;0;11,91
292040;2920403;MANOEL VITORINO;-40,547598;-14,050875;13240;05/06/2020;16;1;6,25;120,85
292045;2920452;MANSIDÃO;-44,108375;-11,128067;13643;05/06/2020;7;0;0;51,31
292050;2920502;MARACÁS;-40,555233;-13,495182;20834;05/06/2020;5;0;0;24
292060;2920601;MARAGOGIPE;-38,938094;-12,823065;44677;05/06/2020;29;1;3,45;64,91
292070;2920700;MARAÚ;-39,150518;-14,155713;20570;05/06/2020;7;2;28,57;34,03
292080;2920809;MARCIONÍLIO SOUZA;-40,675298;-13,140047;10406;05/06/2020;5;0;0;48,05
292090;2920908;MASCOTE;-39,420513;-15,666085;13822;05/06/2020;3;0;0;21,7
292100;2921005;MATA DE SÃO JOÃO;-38,148861;-12,483976;46583;05/06/2020;45;0;0;96,6
292105;2921054;MATINA;-42,940068;-13,848844;12201;05/06/2020;1;0;0;8,2
292110;2921104;MEDEIROS NETO;-40,285633;-17,361298;22688;05/06/2020;5;0;0;22,04
292120;2921203;MIGUEL CALMON;-40,624217;-11,420634;26023;05/06/2020;3;1;33,33;11,53
292130;2921302;MILAGRES;-39,797586;-12,899946;10950;05/06/2020;23;0;0;210,05
292140;2921401;MIRANGABA;-40,714509;-10,776985;18338;05/06/2020;2;0;0;10,91
292145;2921450;MIRANTE;-40,764087;-14,167821;8641;05/06/2020;2;1;50;23,15
292150;2921500;MONTE SANTO;-39,454202;-10,382988;49418;05/06/2020;6;1;16,67;12,14
292160;2921609;MORPARÁ;-43,039818;-11,75079;8519;05/06/2020;5;0;0;58,69
292170;2921708;MORRO DO CHAPÉU;-41,16706;-11,464875;35413;05/06/2020;2;0;0;5,65
292180;2921807;MORTUGABA;-42,320291;-14,972641;12042;05/06/2020;0;0;NA;0
292190;2921906;MUCUGÊ;-41,474908;-13,065099;9062;05/06/2020;4;0;0;44,14
292200;2922003;MUCURI;-39,867012;-18,059175;41748;05/06/2020;55;1;1,82;131,74
292205;2922052;MULUNGU DO MORRO;-41,523939;-11,977766;10889;05/06/2020;3;1;33,33;27,55
292210;2922102;MUNDO NOVO;-40,559365;-11,952823;26776;05/06/2020;1;1;100;3,73
292220;2922201;MUNIZ FERREIRA;-39,087693;-13,002487;7422;05/06/2020;1;0;0;13,47
292225;2922250;MUQUÉM DE SÃO FRANCISCO;-43,498618;-12,211864;11348;05/06/2020;0;0;NA;0
292230;2922300;MURITIBA;-39,086288;-12,621753;29399;05/06/2020;11;1;9,09;37,42
292240;2922409;MUTUÍPE;-39,506624;-13,311879;22221;05/06/2020;16;0;0;72
292250;2922508;NAZARÉ;-38,980867;-12,953683;28525;05/06/2020;6;0;0;21,03
292260;2922607;NILO PEÇANHA;-39,174237;-13,659996;13997;05/06/2020;3;1;33,33;21,43
292265;2922656;NORDESTINA;-39,451411;-10,873094;13130;05/06/2020;9;0;0;68,55
292270;2922706;NOVA CANAÃ;-40,180328;-14,857518;16462;05/06/2020;0;0;NA;0
292273;2922730;NOVA FÁTIMA;-39,635619;-11,621358;7812;05/06/2020;3;0;0;38,4
292275;2922755;NOVA IBIÁ;-39,582809;-13,824994;6591;05/06/2020;1;0;0;15,17
292280;2922805;NOVA ITARANA;-40,034579;-13,046495;8226;05/06/2020;0;0;NA;0
292285;2922854;NOVA REDENÇÃO;-41,091235;-12,800116;9118;05/06/2020;0;0;NA;0
292290;2922904;NOVA SOURE;-38,556622;-11,302698;26947;05/06/2020;16;0;0;59,38
292300;2923001;NOVA VIÇOSA;-39,715402;-17,899666;43376;05/06/2020;60;0;0;138,33
292303;2923035;NOVO HORIZONTE;-42,128664;-12,840873;12385;05/06/2020;0;0;NA;0
292305;2923050;NOVO TRIUNFO;-38,449429;-10,36816;15440;05/06/2020;2;0;0;12,95
292310;2923100;OLINDINA;-38,354792;-11,434911;28229;05/06/2020;2;0;0;7,08
292320;2923209;OLIVEIRA DOS BREJINHOS;-42,734881;-12,283355;21825;05/06/2020;14;0;0;64,15
292330;2923308;OURIÇANGAS;-38,653673;-12,009336;8564;05/06/2020;2;0;0;23,35
292335;2923357;OUROLÂNDIA;-41,137091;-10,847911;17451;05/06/2020;1;0;0;5,73
292340;2923407;PALMAS DE MONTE ALTO;-43,217804;-14,175408;21750;05/06/2020;15;0;0;68,97
292350;2923506;PALMEIRAS;-41,553922;-12,552429;9019;05/06/2020;2;0;0;22,18
292360;2923605;PARAMIRIM;-42,240359;-13,519656;21607;05/06/2020;5;1;20;23,14
292370;2923704;PARATINGA;-43,064445;-12,690719;32000;05/06/2020;2;0;0;6,25
292380;2923803;PARIPIRANGA;-37,900819;-10,616713;28989;05/06/2020;3;0;0;10,35
292390;2923902;PAU BRASIL;-39,690474;-15,468285;9831;05/06/2020;16;2;12,5;162,75
292400;2924009;PAULO AFONSO;-38,293546;-9,539588;117782;05/06/2020;53;0;0;45
292405;2924058;PÉ DE SERRA;-39,609677;-11,872035;13578;05/06/2020;1;0;0;7,36
292410;2924108;PEDRÃO;-38,640544;-12,12957;7347;05/06/2020;0;0;NA;0
292420;2924207;PEDRO ALEXANDRE;-37,950336;-10,063191;16667;05/06/2020;1;0;0;6
292430;2924306;PIATÃ;-41,877448;-13,04604;17123;05/06/2020;1;0;0;5,84
292440;2924405;PILÃO ARCADO;-43,116428;-10,007667;35048;05/06/2020;44;0;0;125,54
292450;2924504;PINDAÍ;-42,678568;-14,471618;16260;05/06/2020;4;0;0;24,6
292460;2924603;PINDOBAÇU;-40,340971;-10,72387;20150;05/06/2020;3;0;0;14,89
292465;2924652;PINTADAS;-39,897979;-11,868874;10437;05/06/2020;2;0;0;19,16
292467;2924678;PIRAÍ DO NORTE;-39,376851;-13,805445;10023;05/06/2020;4;0;0;39,91
292470;2924702;PIRIPÁ;-41,716107;-15,003902;10707;05/06/2020;18;0;0;168,11
292480;2924801;PIRITIBA;-40,605378;-11,694956;24755;05/06/2020;3;0;0;12,12
292490;2924900;PLANALTINO;-40,303187;-13,186496;9322;05/06/2020;0;0;NA;0
292500;2925006;PLANALTO;-40,457387;-14,708578;26265;05/06/2020;2;0;0;7,61
292510;2925105;POÇÕES;-40,382614;-14,536483;46871;05/06/2020;1;0;0;2,13
292520;2925204;POJUCA;-38,252964;-12,361734;39519;05/06/2020;53;0;0;134,11
292525;2925253;PONTO NOVO;-40,105711;-10,958925;14914;05/06/2020;4;1;25;26,82
292530;2925303;PORTO SEGURO;-39,279104;-16,625016;148686;05/06/2020;158;1;0,63;106,26
292540;2925402;POTIRAGUÁ;-39,772076;-15,681223;7224;05/06/2020;12;0;0;166,11
292550;2925501;PRADO;-39,352013;-17,129693;28174;05/06/2020;20;0;0;70,99
292560;2925600;PRESIDENTE DUTRA;-41,99531;-11,303399;15142;05/06/2020;3;0;0;19,81
292570;2925709;PRESIDENTE JÂNIO QUADROS;-41,72582;-14,696427;12338;05/06/2020;0;0;NA;0
292575;2925758;PRESIDENTE TANCREDO NEVES;-39,417648;-13,449235;27719;05/06/2020;2;0;0;7,22
292580;2925808;QUEIMADAS;-39,752452;-11,056724;25439;05/06/2020;20;0;0;78,62
292590;2925907;QUIJINGUE;-39,049783;-10,778079;27580;05/06/2020;0;0;NA;0
292593;2925931;QUIXABEIRA;-40,118614;-11,392515;8972;05/06/2020;7;0;0;78,02
292595;2925956;RAFAEL JAMBEIRO;-39,574079;-12,478738;22621;05/06/2020;9;0;0;39,79
292600;2926004;REMANSO;-42,25422;-9,598436;41008;05/06/2020;28;1;3,57;68,28
292610;2926103;RETIROLÂNDIA;-39,416695;-11,503042;14396;05/06/2020;18;0;0;125,03
292620;2926202;RIACHÃO DAS NEVES;-45,217792;-11,623038;22339;05/06/2020;2;0;0;8,95
292630;2926301;RIACHÃO DO JACUÍPE;-39,423475;-11,801011;33436;05/06/2020;13;1;7,69;38,88
292640;2926400;RIACHO DE SANTANA;-43,049694;-13,633176;35421;05/06/2020;10;0;0;28,23
292650;2926509;RIBEIRA DO AMPARO;-38,383809;-10,972639;14592;05/06/2020;3;0;0;20,56
292660;2926608;RIBEIRA DO POMBAL;-38,551265;-10,797554;53807;05/06/2020;29;1;3,45;53,9
292665;2926657;RIBEIRÃO DO LARGO;-40,651847;-15,427224;5812;05/06/2020;1;0;0;17,21
292670;2926707;RIO DE CONTAS;-41,746577;-13,581612;12989;05/06/2020;0;0;NA;0
292680;2926806;RIO DO ANTÔNIO;-42,084136;-14,310255;15371;05/06/2020;4;0;0;26,02
292690;2926905;RIO DO PIRES;-42,147712;-13,134756;11655;05/06/2020;3;0;0;25,74
292700;2927002;RIO REAL;-37,912748;-11,547921;40732;05/06/2020;20;0;0;49,1
292710;2927101;RODELAS;-38,692464;-9,183933;9331;05/06/2020;6;0;0;64,3
292720;2927200;RUY BARBOSA;-40,629652;-12,243549;30814;05/06/2020;7;0;0;22,72
292730;2927309;SALINAS DA MARGARIDA;-38,758373;-12,885294;15667;05/06/2020;5;0;0;31,91
292740;2927408;SALVADOR;-38,51462;-12,873507;2872347;05/06/2020;15173;558;3,68;528,24
292750;2927507;SANTA BÁRBARA;-38,982309;-11,939431;20791;05/06/2020;24;0;0;115,43
292760;2927606;SANTA BRÍGIDA;-38,150149;-9,763086;14213;05/06/2020;1;0;0;7,04
292770;2927705;SANTA CRUZ CABRÁLIA;-39,200954;-16,229178;27778;05/06/2020;38;0;0;136,8
292780;2927804;SANTA CRUZ DA VITÓRIA;-39,814773;-14,891688;6315;05/06/2020;6;1;16,67;95,01
292790;2927903;SANTA INÊS;-39,848806;-13,284706;10631;05/06/2020;3;0;0;28,22
292800;2928000;SANTALUZ;-39,485235;-11,220236;37348;05/06/2020;12;0;0;32,13
292805;2928059;SANTA LUZIA;-39,244959;-15,448212;12597;05/06/2020;6;0;0;47,63
292810;2928109;SANTA MARIA DA VITÓRIA;-44,379979;-13,21835;39845;05/06/2020;2;0;0;5,02
292820;2928208;SANTANA;-43,942383;-13,065657;26614;05/06/2020;0;0;NA;0
292830;2928307;SANTANÓPOLIS;-38,862259;-11,975172;8943;05/06/2020;7;0;0;78,27
292840;2928406;SANTA RITA DE CÁSSIA;-44,555833;-11,007987;28338;05/06/2020;5;0;0;17,64
292850;2928505;SANTA TERESINHA;-39,571741;-12,734162;10405;05/06/2020;12;0;0;115,33
292860;2928604;SANTO AMARO;-38,763265;-12,56572;60069;05/06/2020;32;1;3,12;53,27
292870;2928703;SANTO ANTÔNIO DE JESUS;-39,226621;-13,008297;101512;05/06/2020;76;2;2,63;74,87
292880;2928802;SANTO ESTÊVÃO;-39,269012;-12,468336;52850;05/06/2020;10;0;0;18,92
292890;2928901;SÃO DESIDÉRIO;-45,490189;-12,804393;33742;05/06/2020;23;0;0;68,16
292895;2928950;SÃO DOMINGOS;-39,580388;-11,454355;9058;05/06/2020;4;0;0;44,16
292900;2929008;SÃO FÉLIX;-38,999026;-12,675042;14740;05/06/2020;4;0;0;27,14
292905;2929057;SÃO FÉLIX DO CORIBE;-44,029673;-13,551946;15391;05/06/2020;0;0;NA;0
292910;2929107;SÃO FELIPE;-39,094662;-12,845312;21074;05/06/2020;2;0;0;9,49
292920;2929206;SÃO FRANCISCO DO CONDE;-38,632045;-12,650808;39802;05/06/2020;75;2;2,67;188,43
292925;2929255;SÃO GABRIEL;-41,698253;-11,066448;18793;05/06/2020;0;0;NA;0
292930;2929305;SÃO GONÇALO DOS CAMPOS;-38,941374;-12,417177;37550;05/06/2020;12;0;0;31,96
292935;2929354;SÃO JOSÉ DA VITÓRIA;-39,353795;-15,073448;5657;05/06/2020;16;1;6,25;282,84
292937;2929370;SÃO JOSÉ DO JACUÍPE;-39,910341;-11,440049;10462;05/06/2020;2;0;0;19,12
292940;2929404;SÃO MIGUEL DAS MATAS;-39,42337;-13,054075;11675;05/06/2020;0;0;NA;0
292950;2929503;SÃO SEBASTIÃO DO PASSÉ;-38,498164;-12,517206;44300;05/06/2020;84;1;1,19;189,62
292960;2929602;SAPEAÇU;-39,212869;-12,725894;17398;05/06/2020;3;0;0;17,24
292970;2929701;SÁTIRO DIAS;-38,588847;-11,565622;17273;05/06/2020;7;0;0;40,53
292975;2929750;SAUBARA;-38,769328;-12,775374;12043;05/06/2020;20;2;10;166,07
292980;2929800;SAÚDE;-40,381343;-10,912534;12913;05/06/2020;1;0;0;7,74
292990;2929909;SEABRA;-41,884755;-12,417698;44091;05/06/2020;20;1;5;45,36
293000;2930006;SEBASTIÃO LARANJEIRAS;-43,127285;-14,573409;11434;05/06/2020;0;0;NA;0
293010;2930105;SENHOR DO BONFIM;-40,115243;-10,484163;79015;05/06/2020;54;1;1,85;68,34
293015;2930154;SERRA DO RAMALHO;-43,676195;-13,484295;31472;05/06/2020;3;0;0;9,53
293020;2930204;SENTO SÉ;-41,638028;-10,101683;40684;05/06/2020;3;0;0;7,37
293030;2930303;SERRA DOURADA;-43,797591;-12,806269;17386;05/06/2020;0;0;NA;0
293040;2930402;SERRA PRETA;-39,378587;-12,095383;14878;05/06/2020;6;0;0;40,33
293050;2930501;SERRINHA;-38,99379;-11,665667;80861;05/06/2020;63;0;0;77,91
293060;2930600;SERROLÂNDIA;-40,260883;-11,429022;13397;05/06/2020;2;0;0;14,93
293070;2930709;SIMÕES FILHO;-38,400778;-12,768072;134377;05/06/2020;246;7;2,85;183,07
293075;2930758;SÍTIO DO MATO;-43,474997;-12,855222;13012;05/06/2020;0;0;NA;0
293076;2930766;SÍTIO DO QUINTO;-38,156417;-10,328224;9986;05/06/2020;1;0;0;10,01
293077;2930774;SOBRADINHO;-40,863997;-9,645748;23191;05/06/2020;36;2;5,56;155,23
293080;2930808;SOUTO SOARES;-41,789614;-12,02762;16979;05/06/2020;1;0;0;5,89
293090;2930907;TABOCAS DO BREJO VELHO;-44,155648;-12,479855;12518;05/06/2020;0;0;NA;0
293100;2931004;TANHAÇU;-41,195412;-14,145964;20403;05/06/2020;0;0;NA;0
293105;2931053;TANQUE NOVO;-42,537536;-13,556042;17366;05/06/2020;1;0;0;5,76
293110;2931103;TANQUINHO;-39,094255;-11,95834;7918;05/06/2020;1;0;0;12,63
293120;2931202;TAPEROÁ;-39,227909;-13,572671;21074;05/06/2020;11;0;0;52,2
293130;2931301;TAPIRAMUTÁ;-40,791362;-11,87617;17010;05/06/2020;0;0;NA;0
293135;2931350;TEIXEIRA DE FREITAS;-39,786881;-17,424098;160487;05/06/2020;181;0;0;112,78
293140;2931400;TEODORO SAMPAIO;-38,615125;-12,267302;7425;05/06/2020;0;0;NA;0
293150;2931509;TEOFILÂNDIA;-38,950989;-11,470751;22518;05/06/2020;15;0;0;66,61
293160;2931608;TEOLÂNDIA;-39,497486;-13,554404;14943;05/06/2020;0;0;NA;0
293170;2931707;TERRA NOVA;-38,599769;-12,396818;13033;05/06/2020;4;0;0;30,69
293180;2931806;TREMEDAL;-41,471966;-15,05356;16394;05/06/2020;1;0;0;6,1
293190;2931905;TUCANO;-38,811942;-11,033334;50687;05/06/2020;5;0;0;9,86
293200;2932002;UAUÁ;-39,464074;-9,905838;24240;05/06/2020;1;0;0;4,13
293210;2932101;UBAÍRA;-39,67932;-13,275977;19895;05/06/2020;0;0;NA;0
293220;2932200;UBAITABA;-39,421811;-14,267538;19056;05/06/2020;21;1;4,76;110,2
293230;2932309;UBATÃ;-39,521853;-14,096416;27035;05/06/2020;28;0;0;103,57
293240;2932408;UIBAÍ;-42,103988;-11,379928;13887;05/06/2020;0;0;NA;0
293245;2932457;UMBURANAS;-41,246863;-10,575849;19222;05/06/2020;49;0;0;254,92
293250;2932507;UNA;-39,151395;-15,219145;19002;05/06/2020;8;0;0;42,1
293260;2932606;URANDI;-42,684008;-14,736562;16658;05/06/2020;89;2;2,25;534,28
293270;2932705;URUÇUCA;-39,231581;-14,527408;20519;05/06/2020;132;11;8,33;643,31
293280;2932804;UTINGA;-41,068969;-12,052173;19178;05/06/2020;1;1;100;5,21
293290;2932903;VALENÇA;-39,193921;-13,347412;96562;05/06/2020;88;2;2,27;91,13
293300;2933000;VALENTE;-39,449693;-11,376754;28473;05/06/2020;69;1;1,45;242,33
293305;2933059;VÁRZEA DA ROÇA;-40,066703;-11,598455;14104;05/06/2020;2;1;50;14,18
293310;2933109;VÁRZEA DO POÇO;-40,315682;-11,541103;9170;05/06/2020;0;0;NA;0
293315;2933158;VÁRZEA NOVA;-41,019918;-11,123051;12697;05/06/2020;1;0;0;7,88
293317;2933174;VARZEDO;-39,391754;-12,956569;8838;05/06/2020;2;0;0;22,63
293320;2933208;VERA CRUZ;-38,695724;-13,006682;43223;05/06/2020;28;2;7,14;64,78
293325;2933257;VEREDA;-39,96014;-17,189142;6205;05/06/2020;8;1;12,5;128,93
293330;2933307;VITÓRIA DA CONQUISTA;-40,902081;-14,974801;338480;05/06/2020;211;5;2,37;62,34
293340;2933406;WAGNER;-41,145974;-12,231382;9345;05/06/2020;0;0;NA;0
293345;2933455;WANDERLEY;-43,906735;-11,808922;12238;05/06/2020;1;0;0;8,17
293350;2933505;WENCESLAU GUIMARÃES;-39,619219;-13,628543;21101;05/06/2020;24;1;4,17;113,74
293360;2933604;XIQUE-XIQUE;-42,780133;-10,984262;46483;05/06/2020;25;0;0;53,78
999998;9999989;OUTROS ESTADOS;NA;NA;NA;05/06/2020;104;4;0;NA
999999;9999999;MUNICIPIOS NOVOS COM LPI DIFERENTE DA RESIDÊNCIA*;NA;NA;NA;05/06/2020;34;0;0;NA
